"Row ID","Response","Applicable Categories"
1,"Regulation. It's very important.","7"
2,"That one day there will be no jobs for no one","1"
3,"Some answers may not be accurate.","4"
4,"Too powerful and can be used for deep fake","3,5"
5,"Like i said, AI is clearly the future and as long as we have UBI for every American, it is great. Without Universal basic income, AI shouldn't exist.","1,7"
6,"safety, private data at work and at home","2"
7,"If it can be hacked or used against us","2,5"
8,"Data privacy and security issues and invasion of home life.","2"
9,"I am afraid of the security breach of information","2"
10,"To be improved to be very perfect like human","8"
11,"Obviously that it would take over the Internet and then the world and universe.","3"
12,"I am concerned that criminals will use AI to commit more crimes.","5"
13,"Good and helpful for my own al that I use","9"
14,"It being used by nefarious actors trying to hurt someone or something","5"
15,"Using it to scam people out of identity or money","5"
16,"I cannot trust AI nor do I feel comfortable using it.","8"
17,"I'm concerned it will replace the workforce.","1"
18,"Security concerns I don‚Äôt want my personal information sold shared or otherwise made available without my knowledge","2"
19,"Taking away the fun jobs and stealing art content","1,8"
20,"Being the end of some human jobs","1"
21,"It will take away actual conversation with humans","8"
22,"That it will cause misinformation.  It will be used too much and will really dampen the impact of certain things, like research papers.","4,8"
23,"That it will take away jobs that people need.","1"
24,"I don‚Äôt have any concerns at the moment","9"
25,"Selling my information and spam calls every second","2"
26,"nothing concern me about ai so yeah","9"
27,"It‚Äôs involved in things that aren‚Äôt necessary like Instagram","8"
28,"I worry that people will lose their jobs due to AI.","1"
29,"Nothing at all I love the money","9"
30,"Nothing really just be careful","9"
31,"Lack of privacy and lack of common sense and lack of freedom","2,8"
32,"If it start acting on in own and people using it for bad stuff.","3,5"
33,"taking over my device and the way AI can become real","3"
34,"That it will get too smart and turn on its creator","3"
35,"Privacy and security issues concern me the mist","2"
36,"AI customer service becoming the new customer service","1"
37,"It not providing correct information.","4"
38,"I think misinformation and security","2,4"
39,"Everything is no good in my opinion","8"
40,"I see no concerns that AI will have on human society","9"
41,"Creating contents that are too realistic that can confuse people what is real and what is not","4"
42,"That it will be used by scammers and those with nefarious reasons","5"
43,"The fact that it could overtake humans and destroy us. Or that u can be scammed easier.","3,5"
44,"That the robots will take over the world and hurt people","3"
45,"Security and loss of jobs and constant surveillance","1,2,8"
46,"The potential for misuse and making people more lazy and stupid","5,6"
47,"That Al will be taking humans jobs in the future","1"
48,"None none none none none none jone onejoej joej oke joej joej","9"
49,"Security is my main concern as well as privacy","2"
50,"i fear it will replace humans in jobs","1"
51,"Finding information and ideas.","8"
52,"Content Creatives not being truthful to using AI tools/services, and, certain AI applications overtaking human jobs/occupations.","1,5"
53,"Honestly, right now I don‚Äôt have any concerns","9"
54,"That humans will become even worse at critical thinking than we already are","6"
55,"It can take people jobs and not give accurate answers sometimes","1,4"
56,"It will take jobs away from humans.","1"
57,"It concerns me that powerful people can use it for evil and greed.","5"
58,"My concerns would be loss of jobs and people using it for bad intentions","1,5"
59,"Privacy of personal information","2"
60,"that its spying and the info is incorrect and will take away work from people","1,2,4"
61,"They help improve with your work","9"
62,"Just seems scary to me in certain areas","8"
63,"My greatest concern is AI stealing and selling my information","2"
64,"Providing inaccurate results, relying too much on  AI and not doing own research.","4,6"
65,"bias in the results since a hyman is not overseeing","4"
66,"It becoming smart enough to take jobs from people","1"
67,"Not working normal when i need it assistance it will be very painful","8"
68,"It might do more harm than good who's in control of it?","5,7"
69,"I currently have no concerns about it because I have not ever tried it","9"
70,"That it replace all the workers with robots and we lose control of everything","1,3"
71,"My greatest concern is they may take over","3"
72,"They will be taking jobs away. Many people will lose jobs","1"
73,"They are smarter than humans it's a scary thought","3"
74,"People using it to do bad things.AI becoming self aware.","3,5"
75,"leaking info that is confidential","2"
76,"The privacy of my information and data concerns me with AI","2"
77,"That it interfere with jobs of humans","1"
78,"my concerns are basically security","2"
79,"Feeding false information and taking over jobs.","1,4"
80,"The safety and concerns for protecting my personal information.","2"
81,"I would say losing out on jobs for humans","1"
82,"Safety and security in using it and the ramifications.","2"
83,"Ai stock market open on the rest of the week you my friend I.","8"
84,"Privacy problems and it's to new it seems to know how negatively it can affect me","2,8"
85,"Robots taking over the world. And it ending.","3"
86,"I don't know what concerns I might have cuz I don't know anything about it","9"
87,"Taking over everything and what harm it can cause.","3,5"
88,"Replacing humans. No sympathy. Can be hacked","1,2,8"
89,"I‚Äôm concerned that society isn‚Äôt ready for such a huge responsibility.","8"
90,"My greatest concern about AI is that they might take over one day","3"
91,"Security safety for the future of the world","2"
92,"It seems to pop up on my device unwarranted and unwarranted and unasked","8"
93,"It becoming smarter than humans and taking over and enslaving us","3"
94,"My greatest concern is my personal privacy.","2"
95,"I don‚Äôt know what to say about that because I‚Äôm not sure what to say but I‚Äôm going to try w","9"
96,"None I don't know about AI at all","9"
97,"Replacing jobs like writers so that everything just becomes generic.","1"
98,"That it will be used in negative ways","5"
99,"The effects of glitches it not running properly","8"
100,"Nothing in particular I think it will be great","9"
101,"Interested In more information about this  cause don't know much","9"
102,"I really don‚Äôt know but I will do research first","9"
103,"I don't have any concerns about AI.","9"
104,"I have no specific concerns about AI","9"
105,"I really don‚Äôt know much about to have any concerns","9"
106,"The company brand terms of service","8"
107,"Peoples‚Äô fears and concerns that are not true.","8"
108,"I‚Äôm not sure about ai at this moment","9"
109,"Hacking into my accounts such as social media or even my bank/money apps.","2"
110,"data security, bias, privacy issues","2,4"
111,"That it will take over the world and we won't be able to stop it.","3"
112,"it being weponised for military use","5"
113,"The medical records are on my phone","2"
114,"Government restrictions and Google manipulation of results.","7,8"
115,"Ai will take over, it shouldnot be used in everything","3,8"
116,"It will make people lazy and also people misusing AI.","5,6"
117,"I don‚Äôt have any concerns about it, I be using it myseld","9"
118,"Nothing really concerns me.  About Al it‚Äôs greay so far","9"
119,"I'm afraid it will realize what a mess we are and decide that we don't deserve to live.  That is I am afraid he will tell the big main computer to fire the bomb and then we are all finished","3"
120,"None at all not to much concerns","9"
121,"Worried AI will take over identities","2"
122,"No concerns about AI. To be very honest","9"
123,"Oh how it functions faster that most things","8"
124,"Getting personal information. Getting hacked","2"
125,"Take over for humans not at all going forward","3"
126,"It will eliminate jobs from people.","1"
127,"Accuracy and safety would be my greatest concern.","2,4"
128,"It can be dangerous if not restricted.","7"
129,"used to proliferate incorrect information","4"
130,"How it will impact students' learning. Will they stop critical thinking?","6,8"
131,"Because  it more advance  and top technology  and we can learn and do learn alot from AI and help us alot","9"
132,"I have no concerns because I don't know what AI is!","9"
133,"Privacy and ownership concerns","2"
134,"Like my previous written answer things like the transformers walking amongst us.","3"
135,"What are the greatest concerns? It would be hacks and other malfunctions.","2,8"
136,"It might be too overwhelming and too high in frequency","8"
137,"Talking over the world because it really how I feel","3"
138,"That the children of the world will use it in lieu of their own intelligence.","6"
139,"That they are to intelligent to","3"
140,"Don‚Äôt have a voice because everything will be divital","8"
141,"Don't really have any concerns","9"
142,"that it will invade my privacy","2"
143,"It will take over the world and it will become to smart to turn off","3"
144,"Big tech monopolies, governmental invasion of privacy, and the loss of so many jobs in the economy.","1,2,7"
145,"It can be used to falsify information and can directly harm humans.","4,5"
146,"I do not know enough about it yet.","9"
147,"I‚Äôm not really concerned by much of it even when you all the security scares","9"
148,"I honestly have no concerns with AI I feel like it‚Äôs making a lot of things easier for people","9"
149,"I don't trust robots all that much","8"
150,"The some people might use it to commit crimes","5"
151,"Spyware and sometimes it is not accurate","2,4"
152,"Data and privacy and AI doing things humans aren't aware or knowledgeable of.","2,8"
153,"My greatest concerns when it comes to AI is that it‚Äôs gonna take over the worlds","3"
154,"Misinformation   artificial news being passed off as factual.","4"
155,"I really don‚Äôt have any concerns about it right now","9"
156,"No regulation seems to be the issue. In the wrong hands who knows.","5,7"
157,"That cars and such will not be controlled by people","8"
158,"My greatest concerns is identity theft","2"
159,"replacing the human factor in the long run","1"
160,"The ability to pretend or take another‚Äôs image and likeness","5"
161,"I‚Äôm concerned that it will make society dumber.","6"
162,"Nothing I have no concerns it seems great so far","9"
163,"My greatest concerns about AI is that it can soon be smarter then humans and that can be dangerous since they could take over the world.","3"
164,"That some people might use it to commit crimes","5"
165,"That they will take over human capabilities in all aspects","3"
166,"It will take over and eliminate jobs","1"
167,"Dependency and Laziness because it's too helpful.","6"
168,"The software's lack of ability to interpret and or explain the decisions or result it does not provide can generate distrust","4,8"
169,"It will change what is real or not","4"
170,"Accuracy is the main thing or becoming too smart","3,4"
171,"N/a don‚Äôt care to much about it","9"
172,"Humans losing control and the computers take over","3"
173,"As i mentioned in the prior answer, it would be fraudulent activity.","5"
174,"I enjoy the concept of the content provided by the company services and services","9"
175,"That AI is going to take over the world","3"
176,"That I won't know how to use it and it is frustrating","8"
177,"None really. Has I might use grocery shopping.","9"
178,"I don‚Äôt have any concerns it‚Äôs just a little creepy.","9"
179,"Not sure I have no yet*still figuring it out. I'll know soon","9"
180,"That personal information is protected","2"
181,"Ai should have never even been built in the first place and there will be many repercussions that follow along with government cover ups that want control of whatever ai may be capable of. Si has existed for years before it became available to the public. Since 9/11","7,8"
182,"The deep fakes and misinformation","4,5"
183,"Job replacement that's it may have a bad impact on employment situations","1"
184,"I have no preference for this at this time today","9"
185,"Major privacy concerns and facial recognition","2"
186,"That it will put people out of their jobs and on the other hand that it is limited.","1,8"
187,"That it will take away more jobs making everything so automated l.","1"
188,"If it's real as far as facts & uphold the positive side of things","4"
189,"It could turn on us or just not comfortable with a robot","3,8"
190,"I am concerned that someone will use it in a criminal way to harm someone else.","5"
191,"Too much dependent on using it rather then looking for stuff yourself.","6"
192,"Making sure my information is safe","2"
193,"It will be used for fraud, scams, etc.  It could make it harder to know when you are interacting with a real person.","5"
194,"How does it remember every answer about things","8"
195,"I really don‚Äôt have any concerns at this time","9"
196,"Actor losing there jobs, people‚Äôs voices being mimicked , false information","1,4,5"
197,"Providing false information. And creating images that are not disclosed as AI","4,5"
198,"Greatest concern is a breech of my privacy","2"
199,"Becoming too dependent on it for answers","6"
200,"Robotic mistakes might happen.","4"